[
    {
        "name": "Danielle Ren",
        "wont_eat": ["Fish"],
        "drinks": ["Cider", "Rum", "Soft drinks"]
    },
    {
        "name": "Cristiana Lusitano",
        "wont_eat": ["Eggs", "Pasta"],
        "drinks": ["Tequila", "Soft drinks", "beer", "Coffee"]
    },
    {
        "name": "Karol Drewno",
        "wont_eat": ["Bread", "Pasta"],
        "drinks": ["Vodka", "Gin", "Whisky", "Rum"]
    },
    {
        "name": "Gaston Chambray",
        "wont_eat": [],
        "drinks": ["Cider", "Beer", "Rum", "Soft drinks"]
    },
    {
        "name": "Tom Mullen",
        "wont_eat": ["Meat", "Fish"],
        "drinks": ["Soft drinks", "Tea"]
    },
    {
        "name": "Rosie Curran",
        "wont_eat": ["Mexican"],
        "drinks": ["Vodka", "Gin", "whisky", "Rum", "Cider", "Beer", "Soft drinks"]
    },
    {
        "name": "Wen Li",
        "wont_eat": ["Chinese"],
        "drinks": ["Beer", "cider", "Rum"]
    } 
]