[
    {
        "name": "El Cantina",
        "food": ["Mexican"],
        "drinks": ["Soft drinks", "Tequila", "Beer"]
    },
    {
        "name": "Twin Dynasty",
        "food": ["Chinese"],
        "drinks": ["Soft Drinks", "Rum", "Beer", "Whisky", "Cider"]
    },
    {
        "name": "Spice of life",
        "food": ["Eggs", "Meat", "Fish", "Pasta", "Dairy"],
        "drinks": ["Vodka", "Gin", "whisky", "Rum", "Cider", "Beer", "Soft drinks"]
    },
    {
        "name": "The Cambridge",
        "food": ["Eggs", "Meat", "Fish", "Pasta", "Dairy"],
        "drinks": ["Vodka", "Gin", "Cider", "Beer", "Soft drinks"]
    },
    {
        "name": "Wagamama",
        "food": ["Japanese"],
        "drinks": ["Beer", "Cider", "Soft Drinks", "Sake"]
    },
    {
        "name": "Sultan Sofrasi",
        "food": ["Meat", "Bread", "Fish"],
        "drinks": ["Beer", "Cider", "Soft Drinks"]
    },
    {
        "name": "Spirit House",
        "food": ["Nuts", "Cheese", "Fruit"],
        "drinks": ["Vodka", "Gin", "Rum", "Tequila"]
    },
    {
        "name": "Tally Joe",
        "food": ["Fish", "Meat", "Salad", "Deserts"],
        "drinks": ["Beer", "Cider", "Soft Drinks", "Sake"]
    },
    {
        "name": "Fabrique",
        "food": ["Bread", "Cheese", "Deli"],
        "drinks": ["Soft Drinks", "Tea", "Coffee"]
    }
]